,Date,Hour,apparentTemperature,cloudCover,humidity,temperature,time,visibility,windSpeed
Row,,,,,,,,,
Row,7/1/2017,0,55.5,0.08,0.59,55.5,1498888800,9.26,4.15
Row,7/1/2017,1,53.53,0.08,0.62,53.53,1498892400,9.29,3.02
Row,7/1/2017,2,51.62,0.08,0.68,51.62,1498896000,9.29,3.84
Row,7/1/2017,3,50.98,0.08,0.69,50.98,1498899600,9.29,2.41
Row,7/1/2017,4,50.29,0.08,0.69,50.29,1498903200,9.29,2.64
Row,7/1/2017,5,46.78,0.08,0.74,48.33,1498906800,9.29,4.22
Row,7/1/2017,6,49.87,0.08,0.69,49.87,1498910400,8.59,2.98
Row,7/1/2017,7,55.66,0.08,0.64,55.66,1498914000,8.82,2.58
Row,7/1/2017,8,62.03,0.08,0.51,62.03,1498917600,9.29,3.22
Row,7/1/2017,9,66.11,0.08,0.43,66.11,1498921200,9.25,5.04
Row,7/1/2017,10,70.3,0.08,0.36,70.3,1498924800,10.0,1.97
Row,7/1/2017,11,73.65,0.08,0.3,73.65,1498928400,10.0,1.53
Row,7/1/2017,12,77.34,0.08,0.21,77.34,1498932000,10.0,4.86
Row,7/1/2017,13,79.82,0.08,0.17,79.82,1498935600,9.94,3.83
Row,7/1/2017,14,80.71,0.08,0.16,80.71,1498939200,9.83,2.92
Row,7/1/2017,15,81.89,0.08,0.15,81.89,1498942800,10.0,3.19
Row,7/1/2017,16,82.01,0.08,0.14,82.01,1498946400,10.0,2.24
Row,7/1/2017,17,82.35,0.08,0.15,82.35,1498950000,10.0,3.26
Row,7/1/2017,18,81.38,0.08,0.15,81.38,1498953600,10.0,5.17
Row,7/1/2017,19,78.35,0.08,0.17,78.35,1498957200,9.29,5.58
Row,7/1/2017,20,72.95,0.09,0.24,72.95,1498960800,10.0,3.13
Row,7/1/2017,21,67.92,0.08,0.32,67.92,1498964400,10.0,3.36
Row,7/1/2017,22,65.23,0.08,0.36,65.23,1498968000,10.0,2.48
Row,7/1/2017,23,62.01,0.07,0.34,62.01,1498971600,10.0,2.93
Row,7/10/2017,0,64.22,0.08,0.41,64.22,1499666400,10.0,5.32
Row,7/10/2017,1,64.1,0.08,0.43,64.1,1499670000,10.0,6.21
Row,7/10/2017,2,62.39,0.09,0.47,62.39,1499673600,10.0,0.44
Row,7/10/2017,3,61.8,0.1,0.46,61.8,1499677200,10.0,2.56
Row,7/10/2017,4,62.5,0.08,0.46,62.5,1499680800,10.0,2.35
Row,7/10/2017,5,62.48,0.1,0.46,62.48,1499684400,10.0,4.17
Row,7/10/2017,6,61.87,0.08,0.51,61.87,1499688000,10.0,2.17
Row,7/10/2017,7,67.09,0.08,0.45,67.09,1499691600,10.0,3.09
Row,7/10/2017,8,72.39,0.08,0.37,72.39,1499695200,10.0,3.37
Row,7/10/2017,9,75.95,0.08,0.31,75.95,1499698800,9.23,1.01
Row,7/10/2017,10,78.73,0.1,0.28,78.73,1499702400,10.0,2.14
Row,7/10/2017,11,80.52,0.1,0.26,80.52,1499706000,10.0,1.48
Row,7/10/2017,12,84.85,0.1,0.22,84.85,1499709600,10.0,1.98
Row,7/10/2017,13,85.27,0.11,0.21,85.27,1499713200,10.0,3.97
Row,7/10/2017,14,86.54,0.11,0.19,86.54,1499716800,9.79,2.59
Row,7/10/2017,15,85.14,0.11,0.2,85.14,1499720400,9.75,3.21
Row,7/10/2017,16,83.76,0.15,0.2,83.76,1499724000,9.85,7.98
Row,7/10/2017,17,80.9,0.15,0.25,80.9,1499727600,10.0,6.36
Row,7/10/2017,18,77.34,0.21,0.33,77.34,1499731200,10.0,6.49
Row,7/10/2017,19,75.11,0.0,0.35,75.11,1499734800,9.76,6.92
Row,7/10/2017,20,73.46,0.0,0.4,73.46,1499738400,10.0,8.41
Row,7/10/2017,21,72.19,0.23,0.42,72.19,1499742000,10.0,3.36
Row,7/10/2017,22,71.24,0.07,0.45,71.24,1499745600,10.0,4.41
Row,7/10/2017,23,68.2,0.0,0.5,68.2,1499749200,10.0,4.91
Row,7/11/2017,0,67.67,0.12,0.52,67.67,1499752800,10.0,1.21
Row,7/11/2017,1,65.57,0.03,0.55,65.57,1499756400,10.0,2.94
Row,7/11/2017,2,67.76,0.14,0.51,67.76,1499760000,10.0,5.71
Row,7/11/2017,3,65.22,0.16,0.58,65.22,1499763600,10.0,3.79
Row,7/11/2017,4,64.43,0.08,0.59,64.43,1499767200,10.0,1.28
Row,7/11/2017,5,62.22,0.08,0.63,62.22,1499770800,10.0,4.2
Row,7/11/2017,6,62.64,0.08,0.64,62.64,1499774400,9.6,3.65
Row,7/11/2017,7,66.53,0.15,0.55,66.53,1499778000,10.0,4.47
Row,7/11/2017,8,71.11,0.19,0.5,71.11,1499781600,10.0,4.46
Row,7/11/2017,9,74.5,0.19,0.43,74.5,1499785200,10.0,2.39
Row,7/11/2017,10,78.46,0.14,0.36,78.46,1499788800,10.0,4.53
Row,7/11/2017,11,81.02,0.07,0.31,81.02,1499792400,10.0,1.92
Row,7/11/2017,12,85.33,0.2,0.23,85.33,1499796000,9.83,4.53
Row,7/11/2017,13,86.51,0.02,0.2,86.51,1499799600,9.87,3.61
Row,7/11/2017,14,84.77,0.06,0.22,84.77,1499803200,9.94,2.73
Row,7/11/2017,15,86.0,0.1,0.2,86.0,1499806800,10.0,1.45
Row,7/11/2017,16,85.64,0.0,0.19,85.64,1499810400,10.0,1.39
Row,7/11/2017,17,83.93,0.0,0.22,83.93,1499814000,9.62,2.55
Row,7/11/2017,18,80.64,0.08,0.29,80.64,1499817600,9.81,2.35
Row,7/11/2017,19,76.58,0.07,0.34,76.58,1499821200,9.53,7.82
Row,7/11/2017,20,72.97,0.06,0.39,72.97,1499824800,9.72,8.04
Row,7/11/2017,21,68.93,0.22,0.49,68.93,1499828400,9.56,8.23
Row,7/11/2017,22,69.09,0.04,0.47,69.09,1499832000,9.63,5.95
Row,7/11/2017,23,68.95,0.02,0.47,68.95,1499835600,10.0,2.04
Row,7/12/2017,0,67.19,0.16,0.53,67.19,1499839200,10.0,1.39
Row,7/12/2017,1,66.45,0.16,0.57,66.45,1499842800,9.55,5.71
Row,7/12/2017,2,66.69,0.06,0.56,66.69,1499846400,9.41,3.46
Row,7/12/2017,3,65.97,0.22,0.58,65.97,1499850000,9.54,2.64
Row,7/12/2017,4,64.78,0.14,0.61,64.78,1499853600,9.68,4.88
Row,7/12/2017,5,64.53,0.0,0.57,64.53,1499857200,10.0,2.78
Row,7/12/2017,6,64.81,0.2,0.57,64.81,1499860800,9.56,1.93
Row,7/12/2017,7,65.89,0.16,0.57,65.89,1499864400,10.0,4.75
Row,7/12/2017,8,67.31,0.17,0.54,67.31,1499868000,9.42,5.12
Row,7/12/2017,9,68.01,0.14,0.53,68.01,1499871600,10.0,5.26
Row,7/12/2017,10,68.32,0.0,0.54,68.32,1499875200,9.81,7.58
Row,7/12/2017,11,69.06,0.06,0.52,69.06,1499878800,9.56,9.08
Row,7/12/2017,12,68.85,0.18,0.54,68.85,1499882400,9.56,7.96
Row,7/12/2017,13,68.74,0.06,0.54,68.74,1499886000,9.81,7.69
Row,7/12/2017,14,68.59,0.09,0.54,68.59,1499889600,10.0,5.71
Row,7/12/2017,15,69.01,0.22,0.53,69.01,1499893200,10.0,4.46
Row,7/12/2017,16,68.41,0.0,0.55,68.41,1499896800,10.0,2.86
Row,7/12/2017,17,67.81,0.14,0.59,67.81,1499900400,9.72,0.42
Row,7/12/2017,18,66.65,0.18,0.63,66.65,1499904000,9.45,2.64
Row,7/12/2017,19,65.04,0.0,0.71,65.04,1499907600,9.03,3.42
Row,7/12/2017,20,64.06,0.12,0.74,64.06,1499911200,9.41,4.13
Row,7/12/2017,21,61.91,0.22,0.77,61.91,1499914800,9.56,3.92
Row,7/12/2017,22,60.44,0.0,0.82,60.44,1499918400,10.0,7.2
Row,7/12/2017,23,60.56,0.0,0.8,60.56,1499922000,10.0,4.71
Row,7/13/2017,0,59.78,0.11,0.79,59.78,1499925600,10.0,3.66
Row,7/13/2017,1,57.53,0.03,0.85,57.53,1499929200,9.29,1.55
Row,7/13/2017,2,57.12,0.02,0.86,57.12,1499932800,9.29,4.83
Row,7/13/2017,3,56.01,0.07,0.87,56.01,1499936400,9.29,0.91
Row,7/13/2017,4,55.66,0.07,0.84,55.66,1499940000,9.92,0.53
Row,7/13/2017,5,54.94,0.08,0.84,54.94,1499943600,8.96,1.69
Row,7/13/2017,6,54.83,0.08,0.86,54.83,1499947200,7.9,3.09
Row,7/13/2017,7,58.9,0.09,0.84,58.9,1499950800,8.35,4.39
Row,7/13/2017,8,63.34,0.08,0.76,63.34,1499954400,8.75,2.96
Row,7/13/2017,9,66.77,0.1,0.66,66.77,1499958000,9.29,2.56
Row,7/13/2017,10,70.41,0.07,0.57,70.41,1499961600,9.29,3.11
Row,7/13/2017,11,73.83,0.08,0.48,73.83,1499965200,10.0,4.15
Row,7/13/2017,12,76.83,0.1,0.42,76.83,1499968800,10.0,6.77
Row,7/13/2017,13,78.33,0.02,0.37,78.33,1499972400,10.0,5.66
Row,7/13/2017,14,79.98,0.04,0.35,79.98,1499976000,10.0,5.63
Row,7/13/2017,15,80.06,0.1,0.34,80.06,1499979600,9.63,4.99
Row,7/13/2017,16,80.22,0.06,0.31,80.22,1499983200,9.94,7.41
Row,7/13/2017,17,80.59,0.11,0.31,80.59,1499986800,10.0,5.85
Row,7/13/2017,18,77.78,0.21,0.37,77.78,1499990400,9.76,5.83
Row,7/13/2017,19,75.43,0.02,0.4,75.43,1499994000,10.0,5.94
Row,7/13/2017,20,72.12,0.14,0.43,72.12,1499997600,10.0,4.82
Row,7/13/2017,21,68.2,0.08,0.48,68.2,1500001200,9.87,5.17
Row,7/13/2017,22,64.98,0.05,0.56,64.98,1500004800,9.94,3.86
Row,7/13/2017,23,63.83,0.09,0.58,63.83,1500008400,10.0,3.98
Row,7/14/2017,0,62.35,0.08,0.63,62.35,1500012000,9.29,4.86
Row,7/14/2017,1,60.05,0.08,0.66,60.05,1500015600,10.0,2.31
Row,7/14/2017,2,59.06,0.08,0.68,59.06,1500019200,10.0,2.19
Row,7/14/2017,3,58.21,0.08,0.71,58.21,1500022800,9.29,1.87
Row,7/14/2017,4,56.71,0.08,0.72,56.71,1500026400,9.29,2.74
Row,7/14/2017,5,56.02,0.08,0.73,56.02,1500030000,10.0,2.42
Row,7/14/2017,6,55.99,0.08,0.77,55.99,1500033600,9.29,2.43
Row,7/14/2017,7,60.72,0.08,0.71,60.72,1500037200,9.69,2.48
Row,7/14/2017,8,66.36,0.08,0.59,66.36,1500040800,8.7,1.99
Row,7/14/2017,9,69.85,0.09,0.52,69.85,1500044400,10.0,2.15
Row,7/14/2017,10,74.19,0.09,0.44,74.19,1500048000,9.29,4.93
Row,7/14/2017,11,76.65,0.11,0.4,76.65,1500051600,9.29,5.18
Row,7/14/2017,12,78.98,0.1,0.33,78.98,1500055200,9.29,5.39
Row,7/14/2017,13,81.41,0.08,0.29,81.41,1500058800,9.69,4.22
Row,7/14/2017,14,81.44,0.0,0.28,81.44,1500062400,9.92,6.85
Row,7/14/2017,15,80.58,0.08,0.3,80.58,1500066000,9.29,4.36
Row,7/14/2017,16,80.95,0.0,0.31,80.95,1500069600,9.85,3.47
Row,7/14/2017,17,77.69,0.04,0.4,77.69,1500073200,10.0,9.56
Row,7/14/2017,18,75.84,0.3,0.44,75.84,1500076800,10.0,8.43
Row,7/14/2017,19,74.14,0.04,0.44,74.14,1500080400,10.0,8.62
Row,7/14/2017,20,71.27,0.13,0.48,71.27,1500084000,10.0,6.87
Row,7/14/2017,21,68.21,0.12,0.54,68.21,1500087600,10.0,5.59
Row,7/14/2017,22,65.18,0.02,0.58,65.18,1500091200,9.29,4.08
Row,7/14/2017,23,63.16,0.05,0.62,63.16,1500094800,10.0,6.16
Row,7/15/2017,0,61.19,0.09,0.67,61.19,1500098400,10.0,4.84
Row,7/15/2017,1,59.76,0.03,0.69,59.76,1500102000,10.0,1.71
Row,7/15/2017,2,59.98,0.07,0.67,59.98,1500105600,10.0,1.48
Row,7/15/2017,3,58.86,0.08,0.7,58.86,1500109200,9.29,1.1
Row,7/15/2017,4,58.41,0.0,0.7,58.41,1500112800,9.29,2.26
Row,7/15/2017,5,57.45,0.02,0.75,57.45,1500116400,9.07,2.56
Row,7/15/2017,6,57.68,0.08,0.76,57.68,1500120000,9.23,1.98
Row,7/15/2017,7,59.87,0.0,0.75,59.87,1500123600,9.29,4.98
Row,7/15/2017,8,63.98,0.02,0.66,63.98,1500127200,9.29,1.74
Row,7/15/2017,9,67.76,0.08,0.58,67.76,1500130800,9.29,2.54
Row,7/15/2017,10,71.11,0.0,0.49,71.11,1500134400,9.83,4.43
Row,7/15/2017,11,72.84,0.0,0.46,72.84,1500138000,10.0,5.12
Row,7/15/2017,12,74.94,0.08,0.38,74.94,1500141600,9.83,6.16
Row,7/15/2017,13,75.21,0.0,0.39,75.21,1500145200,9.52,4.59
Row,7/15/2017,14,75.52,0.02,0.4,75.52,1500148800,9.29,5.41
Row,7/15/2017,15,77.16,0.08,0.38,77.16,1500152400,8.82,7.09
Row,7/15/2017,16,75.64,0.0,0.38,75.64,1500156000,10.0,7.22
Row,7/15/2017,17,70.89,0.15,0.51,70.89,1500159600,8.56,9.76
Row,7/15/2017,18,67.46,0.21,0.64,67.46,1500163200,9.29,10.37
Row,7/15/2017,19,67.4,0.02,0.59,67.4,1500166800,10.0,8.84
Row,7/15/2017,20,63.64,0.07,0.62,63.64,1500170400,10.0,7.3
Row,7/15/2017,21,62.14,0.1,0.66,62.14,1500174000,10.0,5.54
Row,7/15/2017,22,61.15,0.06,0.69,61.15,1500177600,9.29,6.03
Row,7/15/2017,23,59.48,0.08,0.73,59.48,1500181200,9.29,5.76
Row,7/16/2017,0,57.96,0.09,0.77,57.96,1500184800,9.11,3.02
Row,7/16/2017,1,56.84,0.06,0.77,56.84,1500188400,9.29,1.86
Row,7/16/2017,2,54.8,0.05,0.79,54.8,1500192000,9.29,2.46
Row,7/16/2017,3,55.12,0.05,0.75,55.12,1500195600,9.29,1.13
Row,7/16/2017,4,54.53,0.05,0.74,54.53,1500199200,9.29,1.84
Row,7/16/2017,5,54.09,0.08,0.74,54.09,1500202800,9.29,1.14
Row,7/16/2017,6,52.72,0.08,0.79,52.72,1500206400,9.29,2.76
Row,7/16/2017,7,59.48,0.08,0.7,59.48,1500210000,8.82,2.95
Row,7/16/2017,8,64.81,0.08,0.6,64.81,1500213600,10.0,1.18
Row,7/16/2017,9,68.54,0.08,0.53,68.54,1500217200,8.71,1.92
Row,7/16/2017,10,71.81,0.08,0.46,71.81,1500220800,9.29,2.07
Row,7/16/2017,11,74.89,0.09,0.4,74.89,1500224400,9.92,4.27
Row,7/16/2017,12,77.09,0.09,0.37,77.09,1500228000,10.0,5.15
Row,7/16/2017,13,79.51,0.08,0.32,79.51,1500231600,9.49,3.53
Row,7/16/2017,14,80.53,0.08,0.31,80.53,1500235200,9.75,2.11
Row,7/16/2017,15,81.51,0.09,0.28,81.51,1500238800,9.58,3.12
Row,7/16/2017,16,82.17,0.08,0.28,82.17,1500242400,10.0,4.63
Row,7/16/2017,17,80.99,0.11,0.28,80.99,1500246000,10.0,3.95
Row,7/16/2017,18,78.92,0.08,0.29,78.92,1500249600,10.0,1.94
Row,7/16/2017,19,76.32,0.1,0.35,76.32,1500253200,10.0,2.12
Row,7/16/2017,20,73.79,0.09,0.38,73.79,1500256800,10.0,2.89
Row,7/16/2017,21,67.03,0.08,0.51,67.03,1500260400,9.56,2.61
Row,7/16/2017,22,65.78,0.08,0.52,65.78,1500264000,10.0,2.6
Row,7/16/2017,23,64.44,0.05,0.53,64.44,1500267600,10.0,3.23
Row,7/17/2017,0,66.19,0.05,0.54,66.19,1500271200,9.29,2.24
Row,7/17/2017,1,64.5,0.07,0.58,64.5,1500274800,9.87,1.38
Row,7/17/2017,2,63.24,0.08,0.63,63.24,1500278400,10.0,0.72
Row,7/17/2017,3,61.13,0.05,0.69,61.13,1500282000,10.0,1.15
Row,7/17/2017,4,60.5,0.05,0.67,60.5,1500285600,10.0,3.08
Row,7/17/2017,5,60.37,0.05,0.69,60.37,1500289200,8.82,2.82
Row,7/17/2017,6,59.92,0.08,0.76,59.92,1500292800,9.24,3.62
Row,7/17/2017,7,63.54,0.08,0.71,63.54,1500296400,9.29,1.07
Row,7/17/2017,8,68.93,0.08,0.61,68.93,1500300000,10.0,2.53
Row,7/17/2017,9,72.2,0.1,0.54,72.2,1500303600,9.04,3.81
Row,7/17/2017,10,76.11,0.08,0.44,76.11,1500307200,9.11,0.27
Row,7/17/2017,11,79.67,0.08,0.34,79.67,1500310800,9.29,1.12
Row,7/17/2017,12,84.29,0.08,0.27,84.29,1500314400,10.0,3.26
Row,7/17/2017,13,86.29,0.08,0.23,86.29,1500318000,9.43,3.88
Row,7/17/2017,14,87.15,0.09,0.19,87.15,1500321600,10.0,3.38
Row,7/17/2017,15,84.51,0.08,0.2,84.51,1500325200,9.94,3.47
Row,7/17/2017,16,86.21,0.18,0.2,86.21,1500328800,10.0,7.07
Row,7/17/2017,17,84.64,0.05,0.2,84.64,1500332400,10.0,5.12
Row,7/17/2017,18,81.24,0.08,0.25,81.24,1500336000,10.0,9.6
Row,7/17/2017,19,78.98,0.13,0.28,78.98,1500339600,9.83,5.4
Row,7/17/2017,20,75.6,0.02,0.31,75.6,1500343200,9.94,3.51
Row,7/17/2017,21,71.4,0.08,0.38,71.4,1500346800,10.0,4.39
Row,7/17/2017,22,70.17,0.02,0.41,70.17,1500350400,9.75,6.81
Row,7/17/2017,23,67.07,0.1,0.46,67.07,1500354000,9.69,2.44
Row,7/18/2017,0,65.55,0.05,0.49,65.55,1500357600,10.0,2.59
Row,7/18/2017,1,64.44,0.05,0.49,64.44,1500361200,10.0,3.46
Row,7/18/2017,2,64.05,0.05,0.5,64.05,1500364800,10.0,4.25
Row,7/18/2017,3,64.19,0.08,0.51,64.19,1500368400,9.8,2.57
Row,7/18/2017,4,63.96,0.03,0.55,63.96,1500372000,10.0,1.79
Row,7/18/2017,5,63.13,0.08,0.58,63.13,1500375600,10.0,1.58
Row,7/18/2017,6,63.03,0.08,0.6,63.03,1500379200,10.0,2.15
Row,7/18/2017,7,67.07,0.08,0.5,67.07,1500382800,10.0,3.41
Row,7/18/2017,8,73.06,0.08,0.41,73.06,1500386400,9.81,0.72
Row,7/18/2017,9,76.8,0.08,0.35,76.8,1500390000,9.94,3.77
Row,7/18/2017,10,79.76,0.12,0.3,79.76,1500393600,10.0,4.89
Row,7/18/2017,11,82.37,0.09,0.26,82.37,1500397200,10.0,7.23
Row,7/18/2017,12,82.57,0.09,0.25,82.57,1500400800,9.87,6.01
Row,7/18/2017,13,85.09,0.08,0.23,85.09,1500404400,9.56,2.91
Row,7/18/2017,14,85.32,0.09,0.23,85.32,1500408000,9.62,0.87
Row,7/18/2017,15,85.55,0.1,0.23,85.55,1500411600,9.87,5.84
Row,7/18/2017,16,85.69,0.04,0.22,85.69,1500415200,9.74,3.34
Row,7/18/2017,17,84.32,0.02,0.25,84.32,1500418800,10.0,5.9
Row,7/18/2017,18,83.22,0.1,0.28,83.22,1500422400,10.0,9.2
Row,7/18/2017,19,80.69,0.02,0.31,80.69,1500426000,10.0,13.0
Row,7/18/2017,20,76.03,0.02,0.36,76.03,1500429600,10.0,10.18
Row,7/18/2017,21,72.11,0.09,0.41,72.11,1500433200,10.0,9.44
Row,7/18/2017,22,69.61,0.02,0.45,69.61,1500436800,10.0,7.04
Row,7/18/2017,23,68.49,0.0,0.49,68.49,1500440400,10.0,6.43
Row,7/19/2017,0,66.71,0.09,0.51,66.71,1500444000,10.0,9.08
Row,7/19/2017,1,65.99,0.03,0.52,65.99,1500447600,10.0,6.81
Row,7/19/2017,2,64.2,0.0,0.59,64.2,1500451200,10.0,6.34
Row,7/19/2017,3,63.68,0.08,0.6,63.68,1500454800,10.0,3.84
Row,7/19/2017,4,63.8,0.0,0.57,63.8,1500458400,10.0,4.28
Row,7/19/2017,5,62.28,0.03,0.64,62.28,1500462000,10.0,5.04
Row,7/19/2017,6,63.77,0.03,0.6,63.77,1500465600,9.24,1.61
Row,7/19/2017,7,67.46,0.09,0.55,67.46,1500469200,9.29,2.8
Row,7/19/2017,8,73.31,0.09,0.44,73.31,1500472800,9.29,3.22
Row,7/19/2017,9,77.52,0.09,0.37,77.52,1500476400,10.0,3.41
Row,7/19/2017,10,80.5,0.08,0.32,80.5,1500480000,10.0,2.86
Row,7/19/2017,11,84.83,0.08,0.28,84.83,1500483600,10.0,1.06
Row,7/19/2017,12,88.03,0.08,0.23,88.03,1500487200,9.92,3.21
Row,7/19/2017,13,91.08,0.09,0.21,91.08,1500490800,9.83,4.64
Row,7/19/2017,14,92.92,0.08,0.18,92.92,1500494400,9.75,5.78
Row,7/19/2017,15,91.49,0.08,0.18,91.49,1500498000,9.8,3.82
Row,7/19/2017,16,88.03,0.0,0.19,88.03,1500501600,9.74,5.77
Row,7/19/2017,17,81.52,0.02,0.26,81.52,1500505200,10.0,11.82
Row,7/19/2017,18,78.16,0.08,0.32,78.16,1500508800,10.0,16.66
Row,7/19/2017,19,77.08,0.14,0.36,77.08,1500512400,9.54,9.65
Row,7/19/2017,20,74.89,0.0,0.39,74.89,1500516000,10.0,7.31
Row,7/19/2017,21,73.51,0.12,0.4,73.51,1500519600,10.0,4.76
Row,7/19/2017,22,71.45,0.0,0.44,71.45,1500523200,10.0,2.16
Row,7/19/2017,23,70.89,0.02,0.46,70.89,1500526800,10.0,2.19
Row,7/2/2017,0,60.07,0.07,0.36,60.07,1498975200,10.0,2.86
Row,7/2/2017,1,58.49,0.0,0.41,58.49,1498978800,10.0,2.37
Row,7/2/2017,2,57.02,0.0,0.44,57.02,1498982400,10.0,2.53
Row,7/2/2017,3,55.56,0.0,0.44,55.56,1498986000,10.0,2.51
Row,7/2/2017,4,55.42,0.0,0.48,55.42,1498989600,8.77,4.62
Row,7/2/2017,5,53.97,0.08,0.54,53.97,1498993200,9.29,2.39
Row,7/2/2017,6,55.52,0.08,0.52,55.52,1498996800,9.29,4.27
Row,7/2/2017,7,61.98,0.08,0.44,61.98,1499000400,9.29,5.32
Row,7/2/2017,8,69.22,0.08,0.36,69.22,1499004000,10.0,3.5
Row,7/2/2017,9,73.76,0.08,0.3,73.76,1499007600,8.59,0.76
Row,7/2/2017,10,77.94,0.08,0.24,77.94,1499011200,10.0,1.93
Row,7/2/2017,11,80.68,0.09,0.2,80.68,1499014800,10.0,1.29
Row,7/2/2017,12,83.69,0.07,0.18,83.69,1499018400,9.34,4.08
Row,7/2/2017,13,84.72,0.02,0.14,84.72,1499022000,9.58,3.94
Row,7/2/2017,14,82.75,0.02,0.15,82.75,1499025600,10.0,3.84
Row,7/2/2017,15,81.81,0.18,0.16,81.81,1499029200,10.0,3.74
Row,7/2/2017,16,80.8,0.04,0.15,80.8,1499032800,10.0,4.77
Row,7/2/2017,17,79.32,0.04,0.18,79.32,1499036400,10.0,2.8
Row,7/2/2017,18,77.88,0.09,0.2,77.88,1499040000,10.0,6.01
Row,7/2/2017,19,75.45,0.0,0.24,75.45,1499043600,10.0,7.65
Row,7/2/2017,20,73.18,0.0,0.23,73.18,1499047200,10.0,9.93
Row,7/2/2017,21,71.14,0.11,0.25,71.14,1499050800,10.0,8.72
Row,7/2/2017,22,70.49,0.03,0.25,70.49,1499054400,10.0,7.81
Row,7/2/2017,23,66.3,0.04,0.32,66.3,1499058000,10.0,2.22
Row,7/20/2017,0,69.8,0.12,0.45,69.8,1500530400,10.0,4.14
Row,7/20/2017,1,67.56,0.05,0.5,67.56,1500534000,10.0,3.26
Row,7/20/2017,2,66.39,0.06,0.54,66.39,1500537600,10.0,5.36
Row,7/20/2017,3,65.36,0.11,0.58,65.36,1500541200,10.0,3.59
Row,7/20/2017,4,62.58,0.06,0.66,62.58,1500544800,10.0,2.23
Row,7/20/2017,5,62.08,0.03,0.68,62.08,1500548400,10.0,3.42
Row,7/20/2017,6,60.75,0.06,0.71,60.75,1500552000,10.0,1.84
Row,7/20/2017,7,66.12,0.08,0.63,66.12,1500555600,10.0,0.97
Row,7/20/2017,8,69.94,0.08,0.54,69.94,1500559200,10.0,0.82
Row,7/20/2017,9,73.0,0.08,0.5,73.0,1500562800,10.0,0.97
Row,7/20/2017,10,75.78,0.08,0.45,75.78,1500566400,10.0,0.6
Row,7/20/2017,11,78.37,0.09,0.39,78.37,1500570000,9.87,1.51
Row,7/20/2017,12,81.38,0.08,0.35,81.38,1500573600,10.0,3.09
Row,7/20/2017,13,84.16,0.08,0.3,84.16,1500577200,9.75,2.68
Row,7/20/2017,14,84.12,0.1,0.29,84.12,1500580800,9.61,4.3
Row,7/20/2017,15,82.38,0.08,0.33,82.38,1500584400,9.81,0.98
Row,7/20/2017,16,80.37,0.0,0.37,80.37,1500588000,10.0,5.61
Row,7/20/2017,17,78.05,0.04,0.41,78.05,1500591600,10.0,3.51
Row,7/20/2017,18,78.08,0.24,0.39,78.08,1500595200,10.0,2.15
Row,7/20/2017,19,76.81,0.17,0.37,76.81,1500598800,10.0,5.75
Row,7/20/2017,20,74.61,0.13,0.4,74.61,1500602400,10.0,5.78
Row,7/20/2017,21,74.02,0.11,0.4,74.02,1500606000,10.0,4.56
Row,7/20/2017,22,72.42,0.08,0.41,72.42,1500609600,10.0,3.06
Row,7/20/2017,23,69.92,0.04,0.46,69.92,1500613200,10.0,4.93
Row,7/21/2017,0,69.09,0.09,0.47,69.09,1500616800,10.0,5.78
Row,7/21/2017,1,67.54,0.03,0.53,67.54,1500620400,10.0,4.76
Row,7/21/2017,2,67.17,0.03,0.53,67.17,1500624000,10.0,6.07
Row,7/21/2017,3,67.28,0.11,0.51,67.28,1500627600,10.0,3.06
Row,7/21/2017,4,63.35,0.03,0.59,63.35,1500631200,10.0,2.16
Row,7/21/2017,5,61.65,0.08,0.63,61.65,1500634800,10.0,2.2
Row,7/21/2017,6,61.32,0.08,0.69,61.32,1500638400,10.0,4.36
Row,7/21/2017,7,65.61,0.08,0.6,65.61,1500642000,10.0,5.07
Row,7/21/2017,8,71.13,0.06,0.5,71.13,1500645600,10.0,7.31
Row,7/21/2017,9,76.38,0.08,0.41,76.38,1500649200,10.0,1.38
Row,7/21/2017,10,81.22,0.08,0.32,81.22,1500652800,10.0,4.1
Row,7/21/2017,11,83.85,0.08,0.27,83.85,1500656400,10.0,3.35
Row,7/21/2017,12,85.07,0.08,0.24,85.07,1500660000,10.0,5.16
Row,7/21/2017,13,87.12,0.17,0.22,87.12,1500663600,10.0,5.71
Row,7/21/2017,14,87.4,0.1,0.21,87.4,1500667200,9.92,5.87
Row,7/21/2017,15,82.9,0.28,0.25,82.9,1500670800,9.69,5.35
Row,7/21/2017,16,72.68,0.28,0.47,72.68,1500674400,9.52,14.86
Row,7/21/2017,17,70.71,0.06,0.51,70.71,1500678000,8.46,15.88
Row,7/21/2017,18,68.64,0.35,0.55,68.64,1500681600,10.0,9.72
Row,7/21/2017,19,67.36,0.31,0.59,67.36,1500685200,10.0,7.22
Row,7/21/2017,20,65.83,0.26,0.61,65.83,1500688800,9.38,6.35
Row,7/21/2017,21,64.43,0.35,0.67,64.43,1500692400,9.5,9.5
Row,7/21/2017,22,62.67,0.31,0.76,62.67,1500696000,9.22,6.62
Row,7/21/2017,23,60.49,0.16,0.86,60.49,1500699600,9.54,2.21
Row,7/22/2017,0,60.19,0.14,0.86,60.19,1500703200,10.0,6.85
Row,7/22/2017,1,60.5,0.02,0.87,60.5,1500706800,10.0,5.56
Row,7/22/2017,2,59.55,0.02,0.85,59.55,1500710400,10.0,4.52
Row,7/22/2017,3,60.08,0.12,0.86,60.08,1500714000,10.0,3.55
Row,7/22/2017,4,59.74,0.03,0.85,59.74,1500717600,9.29,1.41
Row,7/22/2017,5,59.06,0.05,0.86,59.06,1500721200,10.0,4.91
Row,7/22/2017,6,59.91,0.09,0.82,59.91,1500724800,9.29,4.87
Row,7/22/2017,7,62.51,0.02,0.76,62.51,1500728400,9.25,1.68
Row,7/22/2017,8,66.74,0.0,0.68,66.74,1500732000,10.0,3.52
Row,7/22/2017,9,69.91,0.08,0.59,69.91,1500735600,10.0,5.84
Row,7/22/2017,10,73.56,0.0,0.47,73.56,1500739200,9.29,4.01
Row,7/22/2017,11,76.46,0.06,0.39,76.46,1500742800,10.0,2.73
Row,7/22/2017,12,77.39,0.09,0.33,77.39,1500746400,10.0,3.4
Row,7/22/2017,13,78.2,0.12,0.31,78.2,1500750000,10.0,3.55
Row,7/22/2017,14,79.24,0.07,0.3,79.24,1500753600,10.0,2.08
Row,7/22/2017,15,81.16,0.18,0.27,81.16,1500757200,9.29,3.66
Row,7/22/2017,16,81.69,0.04,0.27,81.69,1500760800,10.0,2.02
Row,7/22/2017,17,83.59,0.02,0.24,83.59,1500764400,9.26,2.36
Row,7/22/2017,18,81.81,0.09,0.25,81.81,1500768000,9.94,2.86
Row,7/22/2017,19,78.94,0.0,0.3,78.94,1500771600,10.0,4.0
Row,7/22/2017,20,74.43,0.13,0.38,74.43,1500775200,10.0,3.16
Row,7/22/2017,21,70.73,0.2,0.44,70.73,1500778800,10.0,1.96
Row,7/22/2017,22,68.63,0.02,0.47,68.63,1500782400,10.0,2.41
Row,7/22/2017,23,66.22,0.0,0.52,66.22,1500786000,10.0,0.88
Row,7/23/2017,0,65.13,0.0,0.55,65.13,1500789600,10.0,1.38
Row,7/23/2017,1,63.82,0.06,0.57,63.82,1500793200,10.0,2.15
Row,7/23/2017,2,61.98,0.06,0.6,61.98,1500796800,10.0,0.79
Row,7/23/2017,3,59.82,0.08,0.65,59.82,1500800400,9.29,3.44
Row,7/23/2017,4,58.26,0.05,0.69,58.26,1500804000,10.0,3.85
Row,7/23/2017,5,57.25,0.08,0.71,57.25,1500807600,9.29,2.66
Row,7/23/2017,6,57.22,0.18,0.68,57.22,1500811200,9.29,3.86
Row,7/23/2017,7,61.44,0.15,0.64,61.44,1500814800,9.29,2.66
Row,7/23/2017,8,68.55,0.1,0.52,68.55,1500818400,9.29,2.4
Row,7/23/2017,9,72.05,0.09,0.43,72.05,1500822000,10.0,1.54
Row,7/23/2017,10,75.88,0.08,0.36,75.88,1500825600,10.0,1.4
Row,7/23/2017,11,75.59,0.08,0.32,75.59,1500829200,10.0,2.92
Row,7/23/2017,12,81.18,0.1,0.29,81.18,1500832800,9.75,5.28
Row,7/23/2017,13,82.54,0.09,0.24,82.54,1500836400,10.0,5.47
Row,7/23/2017,14,83.35,0.0,0.22,83.35,1500840000,10.0,4.45
Row,7/23/2017,15,83.71,0.08,0.23,83.71,1500843600,9.92,4.48
Row,7/23/2017,16,84.68,0.13,0.21,84.68,1500847200,10.0,4.51
Row,7/23/2017,17,84.73,0.13,0.23,84.73,1500850800,9.92,7.33
Row,7/23/2017,18,82.68,0.09,0.25,82.68,1500854400,9.94,10.06
Row,7/23/2017,19,80.52,0.08,0.27,80.52,1500858000,10.0,8.14
Row,7/23/2017,20,74.59,0.08,0.31,74.59,1500861600,10.0,7.73
Row,7/23/2017,21,69.88,0.08,0.41,69.88,1500865200,10.0,4.69
Row,7/23/2017,22,68.83,0.06,0.43,68.83,1500868800,10.0,7.87
Row,7/23/2017,23,68.65,0.08,0.42,68.65,1500872400,10.0,11.52
Row,7/24/2017,0,66.07,0.09,0.48,66.07,1500876000,10.0,9.14
Row,7/24/2017,1,65.12,0.08,0.54,65.12,1500879600,9.29,9.33
Row,7/24/2017,2,64.27,0.08,0.57,64.27,1500883200,9.29,8.35
Row,7/24/2017,3,62.49,0.08,0.58,62.49,1500886800,9.29,8.73
Row,7/24/2017,4,62.24,0.09,0.61,62.24,1500890400,10.0,5.3
Row,7/24/2017,5,61.39,0.08,0.61,61.39,1500894000,10.0,4.1
Row,7/24/2017,6,60.77,0.08,0.65,60.77,1500897600,9.29,4.15
Row,7/24/2017,7,64.78,0.09,0.6,64.78,1500901200,9.24,2.54
Row,7/24/2017,8,70.35,0.08,0.5,70.35,1500904800,9.29,2.53
Row,7/24/2017,9,75.21,0.08,0.39,75.21,1500908400,9.29,2.86
Row,7/24/2017,10,79.45,0.08,0.32,79.45,1500912000,10.0,1.4
Row,7/24/2017,11,83.53,0.08,0.26,83.53,1500915600,9.29,3.8
Row,7/24/2017,12,85.56,0.09,0.21,85.56,1500919200,9.83,4.39
Row,7/24/2017,13,87.51,0.1,0.19,87.51,1500922800,9.52,2.79
Row,7/24/2017,14,89.52,0.1,0.16,89.52,1500926400,9.87,5.43
Row,7/24/2017,15,87.55,0.11,0.16,87.55,1500930000,10.0,3.93
Row,7/24/2017,16,87.7,0.05,0.15,87.7,1500933600,10.0,4.56
Row,7/24/2017,17,86.75,0.0,0.18,86.75,1500937200,10.0,2.0
Row,7/24/2017,18,85.95,0.08,0.19,85.95,1500940800,10.0,2.01
Row,7/24/2017,19,83.08,0.02,0.21,83.08,1500944400,10.0,3.76
Row,7/24/2017,20,77.24,0.0,0.3,77.24,1500948000,10.0,3.56
Row,7/24/2017,21,72.58,0.09,0.37,72.58,1500951600,10.0,3.77
Row,7/24/2017,22,71.71,0.0,0.35,71.71,1500955200,10.0,4.22
Row,7/24/2017,23,68.88,0.0,0.4,68.88,1500958800,10.0,4.29
Row,7/25/2017,0,68.22,0.1,0.42,68.22,1500962400,10.0,3.63
Row,7/25/2017,1,67.25,0.03,0.48,67.25,1500966000,10.0,5.25
Row,7/25/2017,2,66.15,0.03,0.51,66.15,1500969600,10.0,4.18
Row,7/25/2017,3,65.93,0.1,0.49,65.93,1500973200,10.0,3.0
Row,7/25/2017,4,63.97,0.0,0.54,63.97,1500976800,10.0,2.09
Row,7/25/2017,5,64.27,0.08,0.49,64.27,1500980400,10.0,1.89
Row,7/25/2017,6,64.32,0.08,0.51,64.32,1500984000,9.29,3.75
Row,7/25/2017,7,66.56,0.0,0.5,66.56,1500987600,9.29,3.68
Row,7/25/2017,8,69.7,0.0,0.47,69.7,1500991200,10.0,4.41
Row,7/25/2017,9,74.4,0.18,0.38,74.4,1500994800,9.29,7.74
Row,7/25/2017,10,76.02,0.13,0.37,76.02,1500998400,10.0,4.08
Row,7/25/2017,11,79.36,0.15,0.33,79.36,1501002000,10.0,4.15
Row,7/25/2017,12,80.41,0.13,0.31,80.41,1501005600,8.78,7.75
Row,7/25/2017,13,83.43,0.06,0.27,83.43,1501009200,9.83,6.55
Row,7/25/2017,14,84.9,0.13,0.26,84.9,1501012800,10.0,4.87
Row,7/25/2017,15,81.03,0.19,0.34,81.03,1501016400,10.0,1.28
Row,7/25/2017,16,77.51,0.24,0.41,77.51,1501020000,9.6,6.93
Row,7/25/2017,17,73.31,0.31,0.53,73.31,1501023600,9.1,9.52
Row,7/25/2017,18,69.42,0.61,0.65,69.42,1501027200,9.46,8.08
Row,7/25/2017,19,66.53,0.26,0.77,66.53,1501030800,9.49,8.41
Row,7/25/2017,20,65.62,0.28,0.76,65.62,1501034400,10.0,7.07
Row,7/25/2017,21,65.0,0.28,0.77,65.0,1501038000,10.0,2.14
Row,7/25/2017,22,64.91,0.27,0.77,64.91,1501041600,10.0,2.89
Row,7/25/2017,23,64.54,0.17,0.77,64.54,1501045200,10.0,3.61
Row,7/26/2017,0,64.15,0.32,0.77,64.15,1501048800,9.29,2.69
Row,7/26/2017,1,62.15,0.13,0.82,62.15,1501052400,10.0,5.6
Row,7/26/2017,2,60.77,0.05,0.82,60.77,1501056000,10.0,4.96
Row,7/26/2017,3,60.62,0.28,0.81,60.62,1501059600,10.0,5.26
Row,7/26/2017,4,61.83,0.28,0.77,61.83,1501063200,10.0,5.26
Row,7/26/2017,5,60.99,0.27,0.82,60.99,1501066800,9.73,4.64
Row,7/26/2017,6,62.19,0.4,0.81,62.19,1501070400,10.0,4.14
Row,7/26/2017,7,63.31,0.0,0.79,63.31,1501074000,9.29,4.4
Row,7/26/2017,8,64.51,0.13,0.75,64.51,1501077600,9.29,2.28
Row,7/26/2017,9,65.86,0.5,0.73,65.86,1501081200,9.29,4.82
Row,7/26/2017,10,67.86,0.31,0.68,67.86,1501084800,9.29,3.58
Row,7/26/2017,11,69.55,0.27,0.65,69.55,1501088400,9.29,2.18
Row,7/26/2017,12,72.51,0.38,0.59,72.51,1501092000,9.26,2.96
Row,7/26/2017,13,74.07,0.31,0.55,74.07,1501095600,9.86,4.79
Row,7/26/2017,14,73.72,0.31,0.54,73.72,1501099200,9.94,3.71
Row,7/26/2017,15,74.84,0.35,0.51,74.84,1501102800,10.0,9.05
Row,7/26/2017,16,73.71,0.22,0.53,73.71,1501106400,9.62,7.82
Row,7/26/2017,17,73.06,0.28,0.57,73.06,1501110000,9.29,6.48
Row,7/26/2017,18,70.22,0.22,0.64,70.22,1501113600,8.23,8.95
Row,7/26/2017,19,66.84,0.26,0.73,66.84,1501117200,8.93,8.06
Row,7/26/2017,20,63.59,0.18,0.84,63.56,1501120800,9.37,3.69
Row,7/26/2017,21,62.89,0.42,0.89,62.72,1501124400,8.43,3.91
Row,7/26/2017,22,62.68,0.31,0.9,62.5,1501128000,8.52,3.78
Row,7/26/2017,23,62.52,0.18,0.9,62.34,1501131600,8.69,2.91
Row,7/27/2017,0,62.47,0.56,0.92,62.21,1501135200,9.63,5.63
Row,7/27/2017,1,61.23,0.28,0.91,61.15,1501138800,9.84,2.77
Row,7/27/2017,2,60.55,0.04,0.92,60.48,1501142400,8.89,5.12
Row,7/27/2017,3,59.35,0.08,0.9,59.35,1501146000,9.04,4.9
Row,7/27/2017,4,58.78,0.06,0.9,58.78,1501149600,9.11,3.02
Row,7/27/2017,5,59.02,0.05,0.88,59.02,1501153200,9.46,0.81
Row,7/27/2017,6,58.02,0.1,0.91,58.02,1501156800,7.62,2.38
Row,7/27/2017,7,61.04,0.18,0.89,61.03,1501160400,6.81,1.29
Row,7/27/2017,8,63.63,0.14,0.86,63.52,1501164000,7.56,0.83
Row,7/27/2017,9,66.38,0.17,0.78,66.38,1501167600,8.64,2.56
Row,7/27/2017,10,69.4,0.2,0.68,69.4,1501171200,9.83,2.38
Row,7/27/2017,11,72.02,0.21,0.61,72.02,1501174800,10.0,1.31
Row,7/27/2017,12,74.75,0.25,0.53,74.75,1501178400,9.29,2.29
Row,7/27/2017,13,77.56,0.25,0.45,77.56,1501182000,10.0,2.86
Row,7/27/2017,14,78.86,0.17,0.41,78.86,1501185600,10.0,3.9
Row,7/27/2017,15,79.75,0.26,0.4,79.75,1501189200,10.0,3.43
Row,7/27/2017,16,80.33,0.24,0.38,80.33,1501192800,10.0,1.27
Row,7/27/2017,17,80.48,0.16,0.38,80.48,1501196400,10.0,1.58
Row,7/27/2017,18,79.39,0.18,0.41,79.39,1501200000,10.0,1.81
Row,7/27/2017,19,77.05,0.03,0.44,77.05,1501203600,10.0,1.99
Row,7/27/2017,20,74.26,0.24,0.5,74.26,1501207200,10.0,8.31
Row,7/27/2017,21,71.43,0.18,0.57,71.43,1501210800,9.29,5.98
Row,7/27/2017,22,68.78,0.0,0.65,68.78,1501214400,10.0,4.66
Row,7/27/2017,23,65.75,0.02,0.68,65.75,1501218000,10.0,6.13
Row,7/28/2017,0,66.05,0.1,0.64,66.05,1501221600,10.0,3.97
Row,7/28/2017,1,64.25,0.02,0.66,64.25,1501225200,9.29,3.11
Row,7/28/2017,2,63.51,0.0,0.71,63.51,1501228800,10.0,5.73
Row,7/28/2017,3,64.36,0.1,0.63,64.36,1501232400,10.0,5.32
Row,7/28/2017,4,62.89,0.05,0.68,62.89,1501236000,9.29,5.36
Row,7/28/2017,5,60.58,0.08,0.74,60.58,1501239600,10.0,1.6
Row,7/28/2017,6,60.72,0.09,0.78,60.72,1501243200,7.93,2.52
Row,7/28/2017,7,62.83,0.27,0.83,62.83,1501246800,7.69,4.95
Row,7/28/2017,8,66.61,0.22,0.8,66.51,1501250400,7.52,5.93
Row,7/28/2017,9,68.78,0.3,0.71,68.78,1501254000,6.69,1.67
Row,7/28/2017,10,71.77,0.08,0.63,71.77,1501257600,9.76,4.94
Row,7/28/2017,11,75.4,0.09,0.54,75.4,1501261200,9.93,0.68
Row,7/28/2017,12,78.96,0.08,0.42,78.96,1501264800,10.0,1.95
Row,7/28/2017,13,81.04,0.08,0.33,81.04,1501268400,10.0,4.13
Row,7/28/2017,14,84.12,0.1,0.28,84.12,1501272000,10.0,5.14
Row,7/28/2017,15,84.24,0.05,0.27,84.24,1501275600,9.92,1.55
Row,7/28/2017,16,79.4,0.14,0.33,79.4,1501279200,10.0,3.33
Row,7/28/2017,17,71.96,0.27,0.52,71.96,1501282800,9.55,11.7
Row,7/28/2017,18,71.32,0.17,0.5,71.32,1501286400,9.77,8.77
Row,7/28/2017,19,70.97,0.06,0.47,70.97,1501290000,10.0,11.13
Row,7/28/2017,20,69.69,0.15,0.49,69.69,1501293600,10.0,4.56
Row,7/28/2017,21,69.14,0.37,0.48,69.14,1501297200,10.0,1.47
Row,7/28/2017,22,67.72,0.31,0.54,67.72,1501300800,10.0,5.83
Row,7/28/2017,23,65.93,0.14,0.62,65.93,1501304400,10.0,4.97
Row,7/29/2017,0,64.97,0.37,0.64,64.97,1501308000,10.0,2.49
Row,7/29/2017,1,63.91,0.03,0.7,63.91,1501311600,10.0,1.81
Row,7/29/2017,2,63.86,0.13,0.71,63.86,1501315200,10.0,3.36
Row,7/29/2017,3,63.19,0.2,0.77,63.19,1501318800,9.29,5.05
Row,7/29/2017,4,63.15,0.13,0.76,63.15,1501322400,10.0,2.75
Row,7/29/2017,5,62.04,0.28,0.82,62.04,1501326000,10.0,3.68
Row,7/29/2017,6,61.65,0.18,0.83,61.65,1501329600,8.88,3.86
Row,7/29/2017,7,62.16,0.03,0.81,62.16,1501333200,9.54,2.64
Row,7/29/2017,8,63.57,0.03,0.77,63.57,1501336800,9.77,1.54
Row,7/29/2017,9,64.62,0.22,0.75,64.62,1501340400,9.65,1.83
Row,7/29/2017,10,65.63,0.09,0.72,65.63,1501344000,9.63,2.38
Row,7/29/2017,11,68.0,0.07,0.63,68.0,1501347600,8.89,2.82
Row,7/29/2017,12,70.16,0.21,0.59,70.16,1501351200,9.29,4.56
Row,7/29/2017,13,70.83,0.14,0.57,70.83,1501354800,9.29,5.58
Row,7/29/2017,14,71.15,0.16,0.57,71.15,1501358400,10.0,2.97
Row,7/29/2017,15,72.02,0.13,0.56,72.02,1501362000,10.0,2.42
Row,7/29/2017,16,73.15,0.0,0.53,73.15,1501365600,9.29,3.23
Row,7/29/2017,17,73.24,0.0,0.47,73.24,1501369200,10.0,3.12
Row,7/29/2017,18,71.92,0.18,0.48,71.92,1501372800,9.29,3.24
Row,7/29/2017,19,69.63,0.0,0.54,69.63,1501376400,9.86,6.66
Row,7/29/2017,20,67.86,0.07,0.56,67.86,1501380000,10.0,6.34
Row,7/29/2017,21,65.6,0.19,0.64,65.6,1501383600,10.0,3.17
Row,7/29/2017,22,63.96,0.15,0.7,63.96,1501387200,9.58,3.62
Row,7/29/2017,23,63.6,0.15,0.7,63.6,1501390800,10.0,3.37
Row,7/3/2017,0,64.73,0.16,0.33,64.73,1499061600,10.0,4.44
Row,7/3/2017,1,64.04,0.0,0.39,64.04,1499065200,10.0,11.88
Row,7/3/2017,2,61.31,0.0,0.45,61.31,1499068800,10.0,6.21
Row,7/3/2017,3,58.55,0.19,0.45,58.55,1499072400,10.0,1.42
Row,7/3/2017,4,57.97,0.11,0.49,57.97,1499076000,10.0,3.62
Row,7/3/2017,5,57.19,0.02,0.58,57.19,1499079600,9.94,3.9
Row,7/3/2017,6,55.52,0.08,0.64,55.52,1499083200,10.0,0.93
Row,7/3/2017,7,58.88,0.0,0.62,58.88,1499086800,10.0,1.28
Row,7/3/2017,8,62.82,0.04,0.53,62.82,1499090400,10.0,5.21
Row,7/3/2017,9,66.55,0.09,0.46,66.55,1499094000,10.0,2.31
Row,7/3/2017,10,71.15,0.09,0.37,71.15,1499097600,10.0,3.46
Row,7/3/2017,11,75.65,0.09,0.29,75.65,1499101200,10.0,1.24
Row,7/3/2017,12,78.85,0.1,0.24,78.85,1499104800,9.87,2.24
Row,7/3/2017,13,80.8,0.28,0.21,80.8,1499108400,10.0,4.09
Row,7/3/2017,14,82.79,0.2,0.18,82.79,1499112000,9.87,7.13
Row,7/3/2017,15,80.62,0.21,0.22,80.62,1499115600,9.29,1.18
Row,7/3/2017,16,79.84,0.04,0.21,79.84,1499119200,9.26,8.23
Row,7/3/2017,17,77.99,0.14,0.23,77.99,1499122800,10.0,5.16
Row,7/3/2017,18,78.0,0.11,0.22,78.0,1499126400,10.0,3.99
Row,7/3/2017,19,76.06,0.05,0.26,76.06,1499130000,9.29,5.69
Row,7/3/2017,20,72.04,0.02,0.29,72.04,1499133600,10.0,8.59
Row,7/3/2017,21,67.84,0.08,0.36,67.84,1499137200,9.5,5.53
Row,7/3/2017,22,66.75,0.0,0.38,66.75,1499140800,10.0,2.66
Row,7/3/2017,23,66.19,0.0,0.42,66.19,1499144400,10.0,1.77
Row,7/30/2017,0,62.57,0.25,0.73,62.57,1501394400,10.0,3.46
Row,7/30/2017,1,60.94,0.12,0.79,60.94,1501398000,9.29,2.86
Row,7/30/2017,2,60.75,0.0,0.8,60.75,1501401600,10.0,2.84
Row,7/30/2017,3,60.71,0.11,0.77,60.71,1501405200,9.29,1.19
Row,7/30/2017,4,59.38,0.0,0.8,59.38,1501408800,10.0,2.04
Row,7/30/2017,5,58.17,0.05,0.82,58.17,1501412400,10.0,2.05
Row,7/30/2017,6,58.06,0.1,0.83,58.06,1501416000,8.82,4.88
Row,7/30/2017,7,60.64,0.0,0.81,60.64,1501419600,9.29,3.22
Row,7/30/2017,8,65.61,0.05,0.69,65.61,1501423200,9.29,3.07
Row,7/30/2017,9,68.45,0.08,0.6,68.45,1501426800,10.0,2.34
Row,7/30/2017,10,72.15,0.02,0.52,72.15,1501430400,10.0,3.58
Row,7/30/2017,11,73.36,0.02,0.49,73.36,1501434000,9.12,2.63
Row,7/30/2017,12,75.36,0.08,0.44,75.36,1501437600,10.0,4.7
Row,7/30/2017,13,75.99,0.04,0.4,75.99,1501441200,9.66,1.56
Row,7/30/2017,14,75.21,0.04,0.4,75.21,1501444800,9.29,6.62
Row,7/30/2017,15,75.83,0.15,0.41,75.83,1501448400,10.0,5.84
Row,7/30/2017,16,75.29,0.16,0.41,75.29,1501452000,10.0,6.01
Row,7/30/2017,17,72.01,0.0,0.5,72.01,1501455600,10.0,10.4
Row,7/30/2017,18,70.11,0.3,0.51,70.11,1501459200,9.22,7.33
Row,7/30/2017,19,68.11,0.02,0.55,68.11,1501462800,10.0,4.68
Row,7/30/2017,20,65.48,0.14,0.61,65.48,1501466400,9.29,5.73
Row,7/30/2017,21,62.78,0.05,0.68,62.78,1501470000,10.0,6.26
Row,7/30/2017,22,61.14,0.06,0.75,61.14,1501473600,9.29,4.87
Row,7/30/2017,23,58.97,0.03,0.81,58.97,1501477200,10.0,6.14
Row,7/31/2017,0,57.84,0.06,0.83,57.84,1501480800,9.29,3.02
Row,7/31/2017,1,57.38,0.0,0.82,57.38,1501484400,10.0,3.03
Row,7/31/2017,2,56.91,0.08,0.85,56.91,1501488000,10.0,5.53
Row,7/31/2017,3,55.39,0.1,0.86,55.39,1501491600,8.82,2.89
Row,7/31/2017,4,56.21,0.03,0.85,56.21,1501495200,9.29,1.08
Row,7/31/2017,5,55.07,0.08,0.87,55.07,1501498800,8.82,2.83
Row,7/31/2017,6,54.42,0.16,0.89,54.42,1501502400,8.32,3.53
Row,7/31/2017,7,57.96,0.08,0.86,57.96,1501506000,6.78,4.24
Row,7/31/2017,8,65.12,0.08,0.67,65.12,1501509600,9.29,7.14
Row,7/31/2017,9,69.05,0.23,0.54,69.05,1501513200,9.2,3.56
Row,7/31/2017,10,72.31,0.26,0.45,72.31,1501516800,10.0,4.27
Row,7/31/2017,11,75.93,0.17,0.37,75.93,1501520400,10.0,4.13
Row,7/31/2017,12,79.25,0.21,0.29,79.25,1501524000,9.22,7.17
Row,7/31/2017,13,80.83,0.2,0.24,80.83,1501527600,9.29,6.34
Row,7/31/2017,14,82.04,0.29,0.23,82.04,1501531200,9.81,8.91
Row,7/31/2017,15,80.7,0.3,0.23,80.7,1501534800,10.0,12.23
Row,7/31/2017,16,80.1,0.18,0.28,80.1,1501538400,9.92,9.5
Row,7/31/2017,17,81.07,0.19,0.25,81.07,1501542000,10.0,7.29
Row,7/31/2017,18,80.22,0.08,0.24,80.22,1501545600,10.0,7.14
Row,7/31/2017,19,76.49,0.09,0.28,76.49,1501549200,10.0,7.93
Row,7/31/2017,20,70.78,0.0,0.39,70.78,1501552800,10.0,6.66
Row,7/31/2017,21,68.26,0.05,0.45,68.26,1501556400,9.6,6.89
Row,7/31/2017,22,64.55,0.0,0.53,64.55,1501560000,9.67,3.25
Row,7/31/2017,23,62.09,0.0,0.62,62.09,1501563600,9.26,2.75
Row,7/4/2017,0,65.52,0.08,0.42,65.52,1499148000,9.29,0.89
Row,7/4/2017,1,63.85,0.0,0.47,63.85,1499151600,10.0,3.61
Row,7/4/2017,2,61.78,0.0,0.51,61.78,1499155200,10.0,2.8
Row,7/4/2017,3,61.07,0.08,0.52,61.07,1499158800,10.0,2.07
Row,7/4/2017,4,58.77,0.0,0.57,58.77,1499162400,10.0,3.07
Row,7/4/2017,5,57.06,0.0,0.63,57.06,1499166000,9.29,1.33
Row,7/4/2017,6,56.19,0.03,0.65,56.19,1499169600,9.29,3.57
Row,7/4/2017,7,62.74,0.0,0.54,62.74,1499173200,9.29,3.76
Row,7/4/2017,8,68.83,0.0,0.45,68.83,1499176800,10.0,7.07
Row,7/4/2017,9,73.95,0.03,0.35,73.95,1499180400,10.0,3.61
Row,7/4/2017,10,79.32,0.0,0.24,79.32,1499184000,10.0,6.93
Row,7/4/2017,11,82.1,0.0,0.19,82.1,1499187600,10.0,6.03
Row,7/4/2017,12,84.47,0.03,0.15,84.47,1499191200,9.61,5.97
Row,7/4/2017,13,83.19,0.0,0.13,83.19,1499194800,10.0,8.27
Row,7/4/2017,14,83.73,0.0,0.13,83.73,1499198400,10.0,4.45
Row,7/4/2017,15,84.92,0.04,0.13,84.92,1499202000,10.0,7.47
Row,7/4/2017,16,84.33,0.0,0.16,84.33,1499205600,10.0,6.76
Row,7/4/2017,17,80.59,0.0,0.17,80.59,1499209200,10.0,6.52
Row,7/4/2017,18,80.16,0.08,0.18,80.16,1499212800,10.0,1.82
Row,7/4/2017,19,77.2,0.0,0.23,77.2,1499216400,10.0,4.74
Row,7/4/2017,20,72.24,0.0,0.29,72.24,1499220000,10.0,3.15
Row,7/4/2017,21,67.24,0.08,0.36,67.24,1499223600,9.49,1.69
Row,7/4/2017,22,64.11,0.08,0.39,64.11,1499227200,9.69,2.47
Row,7/4/2017,23,62.78,0.09,0.4,62.78,1499230800,9.75,3.61
Row,7/5/2017,0,60.18,0.07,0.43,60.18,1499234400,10.0,3.06
Row,7/5/2017,1,59.92,0.05,0.43,59.92,1499238000,10.0,3.86
Row,7/5/2017,2,58.49,0.05,0.48,58.49,1499241600,10.0,3.38
Row,7/5/2017,3,58.1,0.05,0.49,58.1,1499245200,10.0,2.91
Row,7/5/2017,4,56.33,0.05,0.51,56.33,1499248800,10.0,3.88
Row,7/5/2017,5,57.9,0.05,0.49,57.9,1499252400,10.0,3.17
Row,7/5/2017,6,57.97,0.03,0.53,57.97,1499256000,10.0,2.98
Row,7/5/2017,7,63.67,0.05,0.48,63.67,1499259600,10.0,3.88
Row,7/5/2017,8,70.85,0.08,0.36,70.85,1499263200,10.0,4.89
Row,7/5/2017,9,75.36,0.08,0.29,75.36,1499266800,10.0,5.21
Row,7/5/2017,10,79.64,0.08,0.24,79.64,1499270400,10.0,1.51
Row,7/5/2017,11,83.35,0.08,0.19,83.35,1499274000,9.29,4.36
Row,7/5/2017,12,86.46,0.09,0.17,86.46,1499277600,10.0,4.7
Row,7/5/2017,13,87.62,0.09,0.15,87.62,1499281200,10.0,3.89
Row,7/5/2017,14,88.53,0.09,0.13,88.53,1499284800,10.0,5.21
Row,7/5/2017,15,90.02,0.08,0.12,90.02,1499288400,9.62,2.88
Row,7/5/2017,16,89.86,0.1,0.12,89.86,1499292000,9.77,2.2
Row,7/5/2017,17,90.0,0.08,0.12,90.0,1499295600,10.0,3.65
Row,7/5/2017,18,87.43,0.08,0.14,87.43,1499299200,10.0,0.98
Row,7/5/2017,19,84.99,0.08,0.18,84.99,1499302800,10.0,2.57
Row,7/5/2017,20,79.03,0.09,0.23,79.03,1499306400,10.0,1.0
Row,7/5/2017,21,73.56,0.08,0.29,73.56,1499310000,10.0,1.12
Row,7/5/2017,22,71.75,0.08,0.28,71.75,1499313600,10.0,3.1
Row,7/5/2017,23,69.48,0.08,0.3,69.48,1499317200,10.0,4.61
Row,7/6/2017,0,67.8,0.08,0.33,67.8,1499320800,10.0,4.75
Row,7/6/2017,1,66.17,0.08,0.36,66.17,1499324400,10.0,4.15
Row,7/6/2017,2,64.92,0.08,0.42,64.92,1499328000,10.0,6.34
Row,7/6/2017,3,63.01,0.08,0.48,63.01,1499331600,10.0,4.82
Row,7/6/2017,4,61.07,0.08,0.47,61.07,1499335200,10.0,4.98
Row,7/6/2017,5,61.08,0.08,0.5,61.08,1499338800,10.0,3.85
Row,7/6/2017,6,61.24,0.11,0.5,61.24,1499342400,10.0,3.12
Row,7/6/2017,7,65.91,0.08,0.48,65.91,1499346000,10.0,1.61
Row,7/6/2017,8,73.41,0.08,0.34,73.41,1499349600,10.0,4.16
Row,7/6/2017,9,77.36,0.06,0.28,77.36,1499353200,10.0,2.6
Row,7/6/2017,10,81.48,0.06,0.22,81.48,1499356800,10.0,3.88
Row,7/6/2017,11,85.95,0.08,0.19,85.95,1499360400,9.67,4.62
Row,7/6/2017,12,88.22,0.09,0.17,88.22,1499364000,9.87,3.11
Row,7/6/2017,13,87.6,0.08,0.18,87.6,1499367600,9.87,5.46
Row,7/6/2017,14,88.13,0.06,0.16,88.13,1499371200,10.0,3.25
Row,7/6/2017,15,88.43,0.08,0.15,88.43,1499374800,9.58,5.02
Row,7/6/2017,16,82.61,0.09,0.22,82.61,1499378400,9.75,7.24
Row,7/6/2017,17,81.41,0.21,0.23,81.41,1499382000,9.68,13.89
Row,7/6/2017,18,81.11,0.1,0.23,81.11,1499385600,10.0,8.75
Row,7/6/2017,19,78.74,0.02,0.25,78.74,1499389200,10.0,1.83
Row,7/6/2017,20,74.23,0.0,0.31,74.23,1499392800,10.0,3.83
Row,7/6/2017,21,70.87,0.08,0.35,70.87,1499396400,10.0,7.26
Row,7/6/2017,22,67.17,0.06,0.41,67.17,1499400000,10.0,4.92
Row,7/6/2017,23,66.75,0.06,0.42,66.75,1499403600,10.0,5.23
Row,7/7/2017,0,65.53,0.1,0.45,65.53,1499407200,10.0,4.14
Row,7/7/2017,1,65.64,0.06,0.47,65.64,1499410800,10.0,3.91
Row,7/7/2017,2,63.63,0.03,0.5,63.63,1499414400,10.0,4.0
Row,7/7/2017,3,62.04,0.08,0.53,62.04,1499418000,10.0,2.57
Row,7/7/2017,4,60.09,0.09,0.57,60.09,1499421600,10.0,3.5
Row,7/7/2017,5,60.39,0.08,0.54,60.39,1499425200,10.0,6.16
Row,7/7/2017,6,59.92,0.08,0.55,59.92,1499428800,10.0,5.25
Row,7/7/2017,7,64.39,0.08,0.52,64.39,1499432400,10.0,5.06
Row,7/7/2017,8,68.35,0.05,0.48,68.35,1499436000,10.0,3.43
Row,7/7/2017,9,72.19,0.05,0.41,72.19,1499439600,9.75,3.9
Row,7/7/2017,10,76.05,0.08,0.36,76.05,1499443200,10.0,3.53
Row,7/7/2017,11,78.4,0.08,0.33,78.4,1499446800,10.0,4.31
Row,7/7/2017,12,79.03,0.09,0.31,79.03,1499450400,9.87,5.3
Row,7/7/2017,13,79.84,0.15,0.3,79.84,1499454000,10.0,6.27
Row,7/7/2017,14,79.43,0.07,0.32,79.43,1499457600,9.81,6.23
Row,7/7/2017,15,76.6,0.08,0.34,76.6,1499461200,9.65,2.91
Row,7/7/2017,16,74.3,0.0,0.39,74.3,1499464800,9.78,6.3
Row,7/7/2017,17,72.75,0.09,0.44,72.75,1499468400,10.0,6.77
Row,7/7/2017,18,74.84,0.1,0.37,74.84,1499472000,10.0,5.65
Row,7/7/2017,19,74.28,0.0,0.34,74.28,1499475600,10.0,2.98
Row,7/7/2017,20,70.35,0.1,0.39,70.35,1499479200,10.0,4.53
Row,7/7/2017,21,66.42,0.09,0.48,66.42,1499482800,10.0,0.72
Row,7/7/2017,22,62.89,0.09,0.57,62.89,1499486400,10.0,2.76
Row,7/7/2017,23,60.01,0.1,0.61,60.01,1499490000,10.0,5.34
Row,7/8/2017,0,59.96,0.08,0.6,59.96,1499493600,10.0,5.42
Row,7/8/2017,1,59.8,0.09,0.6,59.8,1499497200,10.0,5.18
Row,7/8/2017,2,59.57,0.09,0.61,59.57,1499500800,10.0,2.24
Row,7/8/2017,3,59.39,0.1,0.63,59.39,1499504400,10.0,3.61
Row,7/8/2017,4,60.33,0.06,0.63,60.33,1499508000,10.0,2.49
Row,7/8/2017,5,59.77,0.02,0.64,59.77,1499511600,10.0,2.65
Row,7/8/2017,6,57.83,0.09,0.67,57.83,1499515200,9.29,2.99
Row,7/8/2017,7,61.76,0.03,0.61,61.76,1499518800,9.29,4.43
Row,7/8/2017,8,66.9,0.09,0.51,66.9,1499522400,9.29,5.28
Row,7/8/2017,9,70.88,0.1,0.43,70.88,1499526000,9.23,1.5
Row,7/8/2017,10,74.39,0.11,0.34,74.39,1499529600,10.0,3.4
Row,7/8/2017,11,77.95,0.1,0.29,77.95,1499533200,10.0,5.31
Row,7/8/2017,12,79.28,0.09,0.27,79.28,1499536800,9.73,5.36
Row,7/8/2017,13,81.01,0.09,0.26,81.01,1499540400,10.0,4.92
Row,7/8/2017,14,81.43,0.2,0.23,81.43,1499544000,10.0,4.91
Row,7/8/2017,15,78.49,0.31,0.26,78.49,1499547600,9.94,6.87
Row,7/8/2017,16,78.08,0.02,0.31,78.08,1499551200,10.0,6.76
Row,7/8/2017,17,78.33,0.03,0.29,78.33,1499554800,9.86,2.09
Row,7/8/2017,18,77.78,0.11,0.3,77.78,1499558400,10.0,4.87
Row,7/8/2017,19,77.14,0.05,0.3,77.14,1499562000,10.0,2.64
Row,7/8/2017,20,72.39,0.08,0.37,72.39,1499565600,10.0,1.45
Row,7/8/2017,21,67.08,0.08,0.46,67.08,1499569200,9.59,2.65
Row,7/8/2017,22,64.11,0.08,0.51,64.11,1499572800,10.0,6.05
Row,7/8/2017,23,62.91,0.08,0.55,62.91,1499576400,8.95,4.91
Row,7/9/2017,0,61.73,0.08,0.54,61.73,1499580000,9.23,8.34
Row,7/9/2017,1,59.88,0.08,0.58,59.88,1499583600,10.0,5.2
Row,7/9/2017,2,59.01,0.08,0.57,59.01,1499587200,10.0,2.95
Row,7/9/2017,3,58.46,0.06,0.59,58.46,1499590800,10.0,3.45
Row,7/9/2017,4,57.84,0.03,0.63,57.84,1499594400,9.23,6.5
Row,7/9/2017,5,55.59,0.06,0.63,55.59,1499598000,10.0,3.38
Row,7/9/2017,6,57.99,0.08,0.59,57.99,1499601600,9.23,4.31
Row,7/9/2017,7,64.28,0.08,0.51,64.28,1499605200,9.23,1.71
Row,7/9/2017,8,70.74,0.08,0.41,70.74,1499608800,9.23,6.83
Row,7/9/2017,9,74.65,0.08,0.34,74.65,1499612400,10.0,2.51
Row,7/9/2017,10,79.33,0.08,0.28,79.33,1499616000,10.0,2.16
Row,7/9/2017,11,82.67,0.08,0.23,82.67,1499619600,10.0,4.27
Row,7/9/2017,12,84.47,0.09,0.16,84.47,1499623200,10.0,1.11
Row,7/9/2017,13,88.41,0.11,0.14,88.41,1499626800,10.0,1.78
Row,7/9/2017,14,87.0,0.18,0.13,87.0,1499630400,10.0,3.41
Row,7/9/2017,15,87.42,0.06,0.12,87.42,1499634000,10.0,1.98
Row,7/9/2017,16,84.04,0.14,0.14,84.04,1499637600,10.0,4.95
Row,7/9/2017,17,83.89,0.14,0.15,83.89,1499641200,10.0,5.67
Row,7/9/2017,18,82.95,0.13,0.17,82.95,1499644800,9.94,5.95
Row,7/9/2017,19,80.75,0.0,0.22,80.75,1499648400,10.0,3.55
Row,7/9/2017,20,74.85,0.0,0.27,74.85,1499652000,10.0,3.21
Row,7/9/2017,21,70.13,0.12,0.33,70.13,1499655600,10.0,0.86
Row,7/9/2017,22,67.2,0.08,0.38,67.2,1499659200,10.0,3.04
Row,7/9/2017,23,65.47,0.1,0.4,65.47,1499662800,10.0,4.9
